{
    "booths": [
        { "id": 1, "status": "reserved" },
        { "id": 2, "status": "reserved" },
        { "id": 3, "status": "reserved" },
        { "id": 4, "status": "reserved" },
        { "id": 5, "status": "reserved" },
        { "id": 6, "status": "reserved" },
        { "id": 7, "status": "reserved" },
        { "id": 8, "status": "reserved" },
        { "id": 9, "status": "reserved" },
        { "id": 10, "status": "reserved" },
        { "id": 11, "status": "reserved" },
        { "id": 12, "status": "reserved" },
        { "id": 13, "status": "reserved" },
        { "id": 14, "status": "reserved" },
        { "id": 15, "status": "reserved" },
        { "id": 16, "status": "reserved" },
        { "id": 17, "status": "reserved" },
        { "id": 18, "status": "reserved" },
        { "id": 19, "status": "reserved" },
        { "id": 20, "status": "reserved" },
        { "id": 21, "status": "reserved" },
        { "id": 22, "status": "reserved" },
        { "id": 23, "status": "reserved" },
        { "id": 24, "status": "reserved" },
        { "id": 25, "status": "reserved" },
        { "id": 26, "status": "reserved" },
        { "id": 27, "status": "reserved" },
        { "id": 28, "status": "reserved" },
        { "id": 29, "status": "reserved" },
        { "id": 30, "status": "reserved" },
        { "id": 31, "status": "reserved" },
        { "id": 32, "status": "reserved" },
        { "id": 33, "status": "reserved" },
        { "id": 34, "status": "reserved" },
        { "id": 35, "status": "reserved" },
        
        { "id": 36, "status": "open" },
        { "id": 37, "status": "open" },
        { "id": 38, "status": "open" },
        { "id": 39, "status": "open" },
        { "id": 40, "status": "open" },
        { "id": 41, "status": "open" },
        { "id": 42, "status": "open" },
        { "id": 43, "status": "open" },
        { "id": 44, "status": "open" },
        { "id": 45, "status": "open" },
        { "id": 46, "status": "open" },
        { "id": 47, "status": "open" },
        { "id": 48, "status": "open" },
        { "id": 49, "status": "open" },
        { "id": 50, "status": "open" },
        { "id": 51, "status": "open" },
        { "id": 52, "status": "open" },
        { "id": 53, "status": "open" },
        { "id": 54, "status": "open" },
        { "id": 55, "status": "open" },
        { "id": 56, "status": "open" },
        { "id": 57, "status": "open" },
        { "id": 58, "status": "open" },
        { "id": 59, "status": "open" },
        { "id": 60, "status": "open" },
        { "id": 61, "status": "open" },
        { "id": 62, "status": "open" },
        { "id": 63, "status": "open" },
        { "id": 64, "status": "open" },
        { "id": 65, "status": "open" },
        { "id": 66, "status": "open" },
        { "id": 67, "status": "open" },
        { "id": 68, "status": "open" },
        { "id": 69, "status": "open" },
        { "id": 70, "status": "open" },
        { "id": 71, "status": "open" },
        { "id": 72, "status": "open" },
        { "id": 73, "status": "open" },
        { "id": 74, "status": "open" },
        { "id": 75, "status": "open" },
        { "id": 76, "status": "open" },
        { "id": 77, "status": "open" },
        { "id": 78, "status": "open" },
        { "id": 79, "status": "open" },
        { "id": 80, "status": "open" },
        { "id": 81, "status": "open" },
        { "id": 82, "status": "open" },
        { "id": 83, "status": "open" },
        { "id": 84, "status": "open" },
        { "id": 85, "status": "open" },
        { "id": 86, "status": "open" },
        { "id": 87, "status": "open" },
        { "id": 88, "status": "open" },
        { "id": 89, "status": "open" },
        { "id": 90, "status": "open" },
        { "id": 91, "status": "open" },
        { "id": 92, "status": "open" },
        { "id": 93, "status": "open" },
        { "id": 94, "status": "open" },
        { "id": 95, "status": "open" },
        
        { "id": 96, "status": "open" },
        { "id": 97, "status": "open" },
        { "id": 98, "status": "open" },
        { "id": 99, "status": "open" },
        { "id": 100, "status": "open" }
    ]
}
